"Built","n","prop"
"3.3.2",45,0.257142857142857
"3.3.3",95,0.542857142857143
"3.4.2",1,0.00571428571428571
"3.4.3",34,0.194285714285714
